<?xml version="1.0" encoding="UTF-8" standalone="yes" ?>
<addon id="plugin.video.randommovie" name="DogPlay" version="1.1.0" provider-name="vidva">
    <requires>
        <import addon="xbmc.python" version="3.0.0"/>
        <import addon="plugin.video.fenlight"/>
    </requires>
    <extension point="xbmc.python.pluginsource" library="addon.py">
        <provides>video</provides>
    </extension>
    <extension point="xbmc.service" library="service.py" start="login" />
    <extension point="xbmc.addon.metadata">
        <summary lang="en">Play random movies from Trakt lists with configurable start positions</summary>
        <description lang="en">DogPlay: Select a Trakt list and play a random movie using FenlightAM integration. Features: configurable random start positions, continuous playback, and single-list mode.</description>
        <platform>all</platform>
        <license>GPL-3.0-only</license>
        <assets>
            <icon>icon.png</icon>
            <fanart>fanart.jpg</fanart>
        </assets>
    </extension>
</addon>
