<?xml version="1.0" encoding="UTF-8" standalone="yes" ?>
<addon id="plugin.video.randommovie" name="DogPlay" version="2.41" provider-name="vidvan">
    <requires>
        <import addon="xbmc.python" version="3.0.0"/>
        <import addon="plugin.video.fenlight"/>
    </requires>
    <extension point="xbmc.python.pluginsource" library="addon.py">
        <provides>video</provides>
    </extension>
    <extension point="xbmc.service" library="service.py" start="login" />
    <extension point="xbmc.addon.metadata">
        <summary lang="en">DogPlay fetches a movie, so you don't have to. Who's a good app? DogPlay is.</summary>
        <description lang="en">Randomly picks a movie for you, and starts it at a random time. No Browsing, no indecision. No waiting for the plot to kick in. Just straight to the good parts. It's like channel surfing, but Dogplay does the work. Who's a good app? Dogplay is.</description>
        <platform>all</platform>
        <license>GPL-3.0-only</license>
        <assets>
            <icon>icon.png</icon>
            <fanart>fanart.jpg</fanart>
        </assets>
    </extension>
</addon>
