<?xml version="1.0" encoding="UTF-8"?>
<window>
    <defaultcontrol always="true">200</defaultcontrol>
    <controls>
        <!-- Background -->
        <control type="image">
            <left>0</left>
            <top>0</top>
            <width>1920</width>
            <height>1080</height>
            <texture>black.png</texture>
        </control>

        <!-- Title -->
        <control type="label">
            <left>60</left>
            <top>40</top>
            <width>1800</width>
            <height>60</height>
            <font>font30_title</font>
            <textcolor>white</textcolor>
            <label>DogPlay Movie Guide</label>
        </control>

        <!-- Current Time Label -->
        <control type="label" id="100">
            <left>60</left>
            <top>100</top>
            <width>1800</width>
            <height>40</height>
            <font>font13</font>
            <textcolor>white</textcolor>
            <label></label>
        </control>

        <!-- Channel List -->
        <control type="list" id="200">
            <left>60</left>
            <top>160</top>
            <width>1800</width>
            <height>800</height>
            <onup>200</onup>
            <ondown>200</ondown>
            <onleft>200</onleft>
            <onright>200</onright>
            <itemlayout height="150" width="1800">
                <!-- Channel background -->
                <control type="image">
                    <left>0</left>
                    <top>5</top>
                    <width>1800</width>
                    <height>140</height>
                    <texture border="5">DialogBack.png</texture>
                </control>

                <!-- Channel label -->
                <control type="label">
                    <left>20</left>
                    <top>60</top>
                    <width>150</width>
                    <height>40</height>
                    <font>font13</font>
                    <textcolor>white</textcolor>
                    <label>$INFO[ListItem.Label]</label>
                </control>
            </itemlayout>

            <focusedlayout height="150" width="1800">
                <!-- Channel background focused -->
                <control type="image">
                    <left>0</left>
                    <top>5</top>
                    <width>1800</width>
                    <height>140</height>
                    <texture border="5">button-focus.png</texture>
                </control>

                <!-- Channel label focused -->
                <control type="label">
                    <left>20</left>
                    <top>60</top>
                    <width>150</width>
                    <height>40</height>
                    <font>font13</font>
                    <textcolor>yellow</textcolor>
                    <label>$INFO[ListItem.Label]</label>
                </control>
            </focusedlayout>
        </control>

        <!-- Close button -->
        <control type="button" id="201">
            <left>1620</left>
            <top>980</top>
            <width>240</width>
            <height>60</height>
            <label>Close</label>
            <font>font13</font>
            <textcolor>white</textcolor>
            <focusedcolor>yellow</focusedcolor>
            <onup>200</onup>
            <ondown>200</ondown>
        </control>
    </controls>
</window>
